server,port,short_name
10.1.216.16,443,wxia-sccmvm01
10.1.216.184,443,wxia-mediaproxy
10.1.217.97,443,10.1.217.97
10.1.226.72,443,wfmy-sccm03
10.1.236.111,443,wlbz-mediaproxy
10.1.236.42,443,10.1.236.42
10.1.237.135,443,wcsh-mediaproxy
10.1.7.44,443,wcsh-sccm01
10.1.86.92,443,ksdk-lcladdc02-rm
10.10.121.203,443,airmedia-confrm-204
10.10.121.204,443,airmedia-confrm-209
10.10.18.150,443,10.10.18.150
10.10.18.37,443,10.10.18.37
10.10.18.39,443,10.10.18.39
10.10.19.51,443,10.10.19.51
10.10.19.54,443,10.10.19.54
10.10.19.57,443,10.10.19.57
10.10.19.58,443,10.10.19.58
10.10.19.71,443,10.10.19.71
10.10.192.59,443,15044360
10.10.192.60,443,15044292
10.10.21.29,443,chyron_nas
10.10.210.208,443,wbns-enpsm
10.10.210.210,443,wbns-bccs01
10.10.210.211,443,wbns-bcmpoint01
10.10.210.213,443,wbns-bcmpoint02
10.10.210.216,443,wbns-bcoasis01
10.10.211.63,443,wbns-mediaproxy
10.10.23.100,443,10.10.23.100
10.10.26.117,443,10.10.26.117
10.10.26.118,443,10.10.26.118
10.10.26.160,443,wtlv-mediaproxy
10.10.35.25,443,kthv-sccmdp01
10.10.5.240,443,10.10.5.240
10.10.50.58,443,wbir-sysmgr
10.10.52.120,443,10.10.52.120
10.10.52.121,443,10.10.52.121
10.10.52.125,443,wbir-mediaproxy
10.10.52.57,443,wbir-sccmdp01
10.10.71.151,443,10.10.71.151
10.10.71.152,443,10.10.71.152
10.10.71.153,443,10.10.71.153
10.10.71.155,443,10.10.71.155
10.10.71.156,443,10.10.71.156
10.10.90.118,443,wbns-camio01
10.10.90.75,443,ovd50301052001
10.10.90.76,443,ovd50301052002
10.10.91.49,443,wbns-x2s01
10.10.91.56,443,wbns-x2s02
10.102.11.11,443,ktvb-bccs01
10.102.11.12,443,ktvb-oas01
10.102.11.13,443,ktvb-mp01
10.102.11.14,443,ktvb-mp02
10.102.202.32,443,ktvb-camio01
10.102.210.115,443,ktvb-sccmdp01
10.102.210.253,443,10.102.210.253
10.102.210.71,443,ktvb-mediaproxy
10.102.210.91,443,ktvb-lcladdc01-rm
10.102.210.92,443,ktvb-lcladdc02-rm
10.104.100.234,443,10.104.100.234
10.104.100.235,443,10.104.100.235
10.104.100.246,443,10.104.100.246
10.104.120.145,443,10.104.120.145
10.106.211.142,443,10.106.211.142
10.106.211.147,443,10.106.211.147
10.106.211.15,443,kmsb-mediaproxy
10.106.211.152,443,10.106.211.152
10.107.211.12,443,10.107.211.12
10.108.142.140,443,wcnc-bccs01
10.108.142.170,443,wcnc-oas01
10.108.142.183,443,wcnc-bcmp01
10.108.142.184,443,wcnc-bcmp02
10.108.204.130,443,wcnc-camio-svr1
10.108.210.100,443,wcnc-enpsweb
10.108.210.24,443,wcnc-sccmdp01
10.108.210.80,443,wcnc-mediaproxy
10.108.253.190,443,10.108.253.190
10.108.253.20,443,10.108.253.20
10.108.253.37,443,10.108.253.37
10.111.141.201,443,10.111.141.201
10.111.141.202,443,10.111.141.202
10.111.141.203,443,10.111.141.203
10.111.141.204,443,10.111.141.204
10.111.141.205,443,10.111.141.205
10.111.141.206,443,10.111.141.206
10.111.141.207,443,10.111.141.207
10.111.141.208,443,10.111.141.208
10.111.141.209,443,10.111.141.209
10.111.141.210,443,10.111.141.210
10.111.142.111,443,10.111.142.111
10.111.143.120,443,10.111.143.120
10.111.143.90,443,10.111.143.90
10.111.41.140,443,kpnx-snapcloud
10.111.41.160,443,kpnx-mediaproxy
10.113.54.3,443,wnep-mediaproxy
10.113.55.210,443,prod-printer
10.113.56.31,443,dev27542d
10.119.10.10,443,wtol-bccs01
10.119.10.11,443,wtol-bcmpoint01
10.119.10.12,443,wtol-bcmpoint02
10.119.10.13,443,wtol-oasis01
10.119.12.141,443,10.119.12.141
10.119.12.183,443,10.119.12.183
10.119.12.241,443,10.119.12.241
10.119.12.250,443,10.119.12.250
10.119.13.26,443,10.119.13.26
10.119.250.26,443,kwes-lclsccm02
10.119.250.9,443,kwes-mediaproxy
10.12.100.48,443,wkyc-lclsccm
10.12.195.158,443,10.12.195.158
10.12.195.161,443,10.12.195.161
10.12.195.171,443,10.12.195.171
10.12.195.175,443,10.12.195.175
10.12.199.26,443,10.12.199.26
10.12.199.31,443,10.12.199.31
10.12.199.61,443,kxtv-sccmdp01
10.12.201.135,443,10.12.201.135
10.12.201.160,443,kxtv-mediaproxy
10.12.201.175,443,10.12.201.175
10.12.201.225,443,kxtv-newskvm01
10.12.84.30,443,ksdk-enpsmobi02
10.12.84.8,443,ksdk-mediaproxy
10.120.100.40,443,kidy-lclsccm01
10.120.255.52,443,kfmb-lcladdc02-rm
10.120.41.13,443,kidy-bces01
10.120.41.14,443,kidy-bcoasis01
10.120.41.15,443,kidy-bcmpoint01
10.120.41.20,443,kidy-enpsmobile
10.120.41.210,443,kidy-mediaproxy
10.120.41.27,443,kidy-camio
10.120.41.91,443,kidy-lcladdc01-rm
10.120.58.114,443,10.120.58.114
10.120.59.112,443,10.120.59.112
10.120.59.15,443,km8ab4cb
10.120.59.156,443,10.120.59.156
10.120.59.54,443,kytx-mediaproxy
10.120.59.84,443,kytx-sccmdp02
10.120.60.17,443,kytx-bcoasis01
10.120.60.18,443,kytx-mp21
10.120.71.203,443,kbmt-sccm19
10.120.71.228,443,10.120.71.228
10.120.71.27,443,kbmt-enpsmobile
10.120.71.33,443,kbmt-mediaproxy
10.120.71.80,443,kbmt-bccs01
10.120.82.68,443,10.120.82.68
10.120.82.69,443,10.120.82.69
10.120.82.75,443,10.120.82.75
10.120.84.24,443,kiii-fs2
10.122.132.10,443,khou-lclsccm01
10.122.132.220,443,10.122.132.220
10.122.132.37,443,khou-mediaproxy
10.122.132.51,443,khou-lcladdc01-rm
10.122.132.52,443,khou-lcladdc02-rm
10.122.133.100,443,10.122.133.100
10.122.133.101,443,10.122.133.101
10.122.133.102,443,10.122.133.102
10.122.32.12,443,kcen-sw02
10.122.34.10,443,kcen-sccmdp01
10.122.34.121,443,10.122.34.121
10.122.34.124,443,kcen-bcpta02
10.122.34.125,443,kcen-bcenc01
10.122.34.133,443,10.122.34.133
10.122.34.175,443,kcen-bccs01
10.122.34.191,443,kcen-lcladdc01-rm
10.122.34.192,443,kcen-lcladdc02-rm
10.122.34.195,443,kcen-bcoasis01
10.122.34.92,443,10.122.34.92
10.122.56.198,443,cmch-buaas01-rm
10.122.56.45,443,10.122.56.45
10.122.56.8,443,10.122.56.8
10.122.58.32,443,cmch-user30
10.123.102.11,443,king-bccs01
10.123.102.12,443,king-oasis01
10.123.102.13,443,king-mp01
10.123.102.14,443,king-mp02
10.123.102.15,443,king-mp03
10.123.102.16,443,king-mp04
10.123.240.2,443,10.123.240.2
10.123.80.173,443,10.123.80.173
10.123.80.180,443,king-camio
10.123.80.64,443,king-mediaproxy
10.123.92.200,443,10.123.92.200
10.123.98.18,443,king-sccmdp01
10.123.98.91,443,king-lcladdc01-rm
10.124.1.11,443,10.124.1.11
10.124.3.30,443,10.124.3.30
10.124.3.31,443,10.124.3.31
10.13.117.191,443,10.13.117.191
10.13.117.90,443,wthr-compusat
10.13.118.221,443,dcmia4bf0119e0c3
10.13.210.125,443,wthr-13net
10.13.210.15,443,wthr-mg-sys-mgr
10.13.210.28,443,wthr-mediaproxy
10.13.210.71,443,wthr-lclencdr01-rm
10.13.90.180,443,wthr-camio01
10.13.90.24,443,10.13.90.24
10.13.90.243,443,wthr-enps-mbl
10.13.90.25,443,10.13.90.25
10.13.90.40,443,wthr-ovd-svr-01
10.13.90.41,443,wthr-ovd-svr-02
10.13.95.53,443,wthr-nas
10.13.99.41,443,wthr-bccs01
10.13.99.42,443,wthr-create01
10.13.99.44,443,wthr-oasis01
10.13.99.45,443,wthr-bcmpoint01
10.13.99.46,443,wthr-bcmpoint02
10.133.1.66,443,kpnx-sccmdp01
10.133.32.21,443,kpnx-mktnas01
10.138.184.145,443,kens-mediaproxy
10.140.203.27,443,10.140.203.27
10.140.203.28,443,10.140.203.28
10.140.203.29,443,10.140.203.29
10.140.203.38,443,10.140.203.38
10.140.204.102,443,kvue-bccs01
10.140.204.103,443,kvue-bccs02
10.140.204.104,443,kvue-oas01
10.140.204.105,443,kvue-mp01
10.140.204.106,443,kvue-mp02
10.140.204.177,443,kvue-enps-web
10.140.211.19,443,kvue-sccmdp01
10.140.211.23,443,kvue-nas1
10.140.211.51,443,kvue-mediaproxy
10.140.211.91,443,kvue-lcladdc01-rm
10.140.211.92,443,kvue-lcladdc02-rm
10.140.75.32,443,10.140.75.32
10.142.206.12,443,10.142.206.12
10.142.206.13,443,wvec-x2s-main
10.142.206.219,443,10.142.206.219
10.142.206.79,443,10.142.206.79
10.142.208.18,443,10.142.208.18
10.142.208.214,443,10.142.208.214
10.142.208.215,443,10.142.208.215
10.142.208.225,443,10.142.208.225
10.142.208.226,443,10.142.208.226
10.142.208.230,443,10.142.208.230
10.142.208.231,443,10.142.208.231
10.142.210.102,443,wvec-createnas
10.142.210.127,443,wvec-camio-01
10.142.210.13,443,wvec-sccmdp01
10.142.210.217,443,10.142.210.217
10.142.210.24,443,wvec-bces02
10.142.210.25,443,wvec-bcmedia01
10.142.210.26,443,wvec-bcmedia02
10.142.210.28,443,wvec-bcoasis01
10.142.210.29,443,wvec-bces01
10.142.210.50,443,wvec-mediaprxy2
10.145.141.122,443,10.145.141.122
10.145.193.151,443,10.145.193.151
10.145.193.230,443,10.145.193.230
10.145.210.49,443,wwl-lclsccm03
10.145.210.92,443,wwl-lcladdc02-rm
10.145.211.181,443,10.145.211.181
10.145.211.182,443,10.145.211.182
10.145.211.183,443,10.145.211.183
10.145.211.184,443,10.145.211.184
10.145.211.185,443,10.145.211.185
10.145.211.22,443,wwl-lclencdr01-rm
10.145.5.44,443,10.145.5.44
10.145.5.80,443,wwl-sw-coc-cons
10.145.75.158,443,10.145.75.158
10.145.75.214,443,10.145.75.214
10.145.75.215,443,10.145.75.215
10.164.10.11,443,wfaa-bccs01
10.164.10.12,443,wfaa-oasis01
10.164.10.13,443,wfaa-mp01
10.164.10.14,443,wfaa-mp02
10.164.10.15,443,wfaa-mp03
10.164.100.137,443,10.164.100.137
10.164.100.156,443,wfaa-sccmdp02
10.164.100.168,443,14654730
10.164.100.172,443,15132839
10.164.109.208,443,10.164.109.208
10.164.109.210,443,10.164.109.210
10.164.109.213,443,10.164.109.213
10.164.109.215,443,10.164.109.215
10.164.109.225,443,10.164.109.225
10.164.109.226,443,10.164.109.226
10.164.121.220,443,10.164.121.220
10.164.202.100,443,wfaa-chyron1
10.164.204.123,443,wfaa-enps-web
10.164.210.220,443,wfaa-mediaproxy
10.164.210.91,443,wfaa-lcladdc01-rm
10.164.210.92,443,10.164.210.92
10.164.5.106,443,wfaa-aja-mrr-r129.us.ad.gannett.com
10.164.5.37,443,wfaa-backuptransmit.us.ad.gannett.com
10.164.5.39,443,wfaa-maintransmit2.us.ad.gannett.com
10.167.111.135,443,10.167.111.135
10.167.35.40,443,10.167.35.40
10.172.0.29,443,10.172.0.29
10.172.101.107,443,tnmemof1oas001
10.172.7.29,443,watn-mediaproxy
10.174.110.11,443,whas-bccont01
10.174.110.21,443,whas-oas001
10.174.110.31,443,whas-media1
10.174.110.32,443,whas-media2
10.174.204.127,443,whas-camio1
10.174.204.134,443,whas-enps4
10.174.210.10,443,whas-sccmdp01
10.174.210.40,443,whas-mediaproxy
10.174.5.45,443,whas-rackroom-a
10.176.106.27,443,10.176.106.27
10.176.106.29,443,10.176.106.29
10.176.106.98,443,10.176.106.98
10.176.11.241,443,kgw-bcmedia01
10.176.11.242,443,kgw-bcmedia02
10.176.11.245,443,kgw-bces01
10.176.11.246,443,kgw-bcoasis01
10.176.120.50,443,10.176.120.50
10.176.202.30,443,kgw-camio01
10.176.210.142,443,kgw-mediaproxy
10.176.210.5,443,kgw-enps-mobile
10.176.210.7,443,kgw-lclsccm02
10.176.5.11,443,kgw-pcr1-sw01
10.176.5.19,443,kgw-000-r15-sw01
10.176.6.232,443,10.176.6.232
10.176.6.244,443,10.176.6.244
10.176.6.245,443,10.176.6.245
10.176.6.246,443,10.176.6.246
10.176.6.247,443,10.176.6.247
10.177.3.31,443,brn3c2af411e68e
10.177.4.101,443,woi-lclencdr01-rm
10.177.7.40,443,10.177.7.40
10.177.7.51,443,10.177.7.51
10.180.183.10,443,10.180.183.10
10.184.1.201,443,10.184.1.201
10.184.1.206,443,10.184.1.206
10.184.1.207,443,10.184.1.207
10.184.1.210,443,10.184.1.210
10.184.11.190,443,10.184.11.190
10.184.30.151,443,wzdx-bcplay02
10.184.30.152,443,wzdx-bces01
10.184.30.153,443,wzdx-bcoasis01
10.184.4.111,443,wzdx-mediaproxy
10.184.4.139,443,wzdx-nas2
10.184.4.192,443,10.184.4.192
10.185.203.10,443,kens-omneonmgr
10.185.204.173,443,kens-bces02
10.185.204.175,443,kens-bces01
10.185.204.177,443,kens-bcoasis01
10.185.204.179,443,kens-bcmpoint01
10.185.204.181,443,kens-bcmpoint02
10.185.210.13,443,kens-sccmdp01
10.185.75.107,443,10.185.75.107
10.20.88.22,443,10.20.88.22
10.212.148.31,443,kwes-camio-01
10.212.148.51,443,kwes-con001
10.212.148.52,443,kwes-oas001
10.212.148.53,443,kwes-media001
10.212.148.55,443,kwes-pta002
10.212.212.15,443,10.212.212.15
10.212.212.19,443,kwes-engstorage
10.212.212.48,443,10.212.212.48
10.28.44.32,443,kwes-dwjohnston
10.34.81.46,443,wfmy-mediaproxy
10.34.81.89,443,10.34.81.89
10.36.112.9,443,wtsp-mediaproxy
10.36.127.5,443,wtsp-citrus-sw01
10.38.102.153,443,wzzm-sccm02
10.38.102.155,443,wzzm-ws02
10.38.102.205,443,wzzm-mediaproxy
10.38.211.19,443,10.38.211.19
10.38.214.10,443,wmaz-teevee
10.38.214.75,443,wmaz-sccmdp01
10.38.215.153,443,10.38.215.153
10.38.215.155,443,wmaz-raritan-mc
10.38.218.30,443,wmaz-mediaproxy
10.38.245.17,443,kusa-sccmdp01
10.38.245.70,443,tank-chycamvm01
10.38.245.72,443,tank-chycamvm02
10.38.251.73,443,10.38.251.73
10.38.251.98,443,10.38.251.98
10.38.251.99,443,10.38.251.99
10.4.221.150,443,wltx-logjam
10.4.221.184,443,wltx-sccmdp02
10.4.221.80,443,wltx-mediaproxy
10.4.23.116,443,wtsp-sccmdp01
10.4.23.20,443,wtsp-rdsjump1
10.4.24.153,443,10.4.24.153
10.4.24.25,443,10.4.24.25
10.4.24.58,443,10.4.24.58
10.4.41.175,443,wgrz-sccmdp01
10.4.41.235,443,wgrz-mediaproxy
10.4.76.91,443,10.4.76.91
10.4.76.92,443,wbir-lcladdc02-rm
10.40.103.141,443,kfmb-bces21
10.40.103.143,443,kfmb-bcmpoint21
10.40.103.144,443,kfmb-bcmpoint22
10.40.103.146,443,kfmb-bcoasis21
10.40.20.125,443,kfmb-mediaproxy
10.41.10.30,443,10.41.10.30
10.41.4.3,443,10.41.4.3
10.41.7.121,443,10.41.7.121
10.41.7.27,443,10.41.7.27
10.43.102.222,443,10.43.102.222
10.43.102.225,443,10.43.102.225
10.43.102.44,443,10.43.102.44
10.43.184.9,443,cmch-mediaproxy
10.43.189.12,443,10.43.189.12
10.43.189.13,443,10.43.189.13
10.43.48.23,443,10.43.48.23
10.43.57.51,443,10.43.57.51
10.43.68.120,443,10.43.68.120
10.43.73.170,443,10.43.73.170
10.43.73.173,443,10.43.73.173
10.44.175.131,443,10.44.175.131
10.44.199.12,443,10.44.199.12
10.44.199.32,443,10.44.199.32
10.44.219.21,443,10.44.219.21
10.44.219.31,443,10.44.219.31
10.44.241.15,443,10.44.241.15
10.44.251.26,443,10.44.251.26
10.44.251.48,443,10.44.251.48
10.44.251.58,443,kare-nmx-dr
10.44.47.60,443,10.44.47.60
10.44.47.65,443,10.44.47.65
10.45.0.173,443,wtlv-camiov01
10.45.0.193,443,wtlv-bces01
10.45.0.194,443,wtlv-bcoasis01
10.45.0.197,443,wtlv-bcencode01
10.45.0.198,443,wtlv-bcencode02
10.45.0.33,443,wtlv-enpsmobile
10.45.1.109,443,10.45.1.109
10.45.1.12,443,wtlv-news_arch
10.45.104.23,443,wmaz-bcplay01
10.45.104.24,443,wmaz-bcplay02
10.45.104.25,443,wmaz-bcencode01
10.45.104.26,443,wmaz-bcencode02
10.45.104.27,443,wmaz-bcoasis01
10.45.104.28,443,wmaz-bces01
10.45.104.33,443,wmaz-enpsmobile
10.45.11.30,443,10.45.11.30
10.45.112.144,443,wtsp-bces01
10.45.112.153,443,wtsp-bcoasis01
10.45.112.180,443,wtsp-bcplay02
10.45.112.189,443,wtsp-bcencode01
10.45.112.190,443,wtsp-bcencode02
10.45.112.9,443,wtsp-enpsweb
10.45.136.10,443,kare-nas02
10.45.136.150,443,kare-sccm01
10.45.136.239,443,kare-enpsmob
10.45.136.42,443,kare-bcoasis31
10.45.136.43,443,kare-bces01
10.45.144.51,443,wlbz-bces01
10.45.144.52,443,wlbz-bcmedia01
10.45.16.115,443,wxia-camio-pri
10.45.16.15,443,wxia-enpsweb9
10.45.16.21,443,wxia-bcdb21
10.45.16.41,443,wxia-bces01
10.45.16.51,443,wxia-bcoasis01
10.45.16.52,443,wxia-bcoasis21
10.45.16.92,443,wxia-bcencode1
10.45.16.95,443,wxia-bcencode2
10.45.162.155,443,kfsm-mediaproxy
10.45.162.59,443,kfsm-service01
10.45.162.61,443,kfsm-bccs01
10.45.162.62,443,kfsm-oasis01
10.45.162.63,443,kfsm-mp01
10.45.162.64,443,kfsm-mp02
10.45.162.71,443,kfsm-camio
10.45.163.40,443,kfsm-lclsccm01
10.45.168.144,443,wwl-mediaproxy
10.45.168.165,443,wwl-chy-camio
10.45.168.202,443,wwl-bcpta002
10.45.168.211,443,wwl-bcenc001
10.45.168.212,443,wwl-bcenc002
10.45.168.220,443,wwl-bccon001
10.45.168.51,443,wwl-bcoasis01
10.45.176.60,443,krem-bces02
10.45.176.61,443,krem-bcoasis02
10.45.176.62,443,krem-bcmedia01
10.45.176.63,443,krem-bcmedia02
10.45.187.75,443,wnep-sccmdp01
10.45.188.11,443,wnep-bccs01
10.45.188.12,443,wnep-oasis01
10.45.188.13,443,wnep-mp01
10.45.188.14,443,wnep-mp02
10.45.188.20,443,10.45.188.20
10.45.188.21,443,wnep-camio
10.45.188.33,443,wnep-enpsmobile
10.45.188.35,443,wnep-ross-ods01
10.45.188.36,443,wnep-ross-ods02
10.45.194.198,443,10.45.194.198
10.45.194.212,443,10.45.194.212
10.45.194.22,443,10.45.194.22
10.45.195.111,443,watn-camio
10.45.195.71,443,watn-enpsmob01
10.45.195.73,443,watn-lclsccm02
10.45.196.102,443,watn-bces01
10.45.196.103,443,watn-bcoasis01
10.45.196.105,443,watn-bcplay02
10.45.196.106,443,watn-bcencode01
10.45.202.72,443,woi-lclsccm01
10.45.204.54,443,woi-bccs02
10.45.204.55,443,woi-oas01
10.45.204.56,443,woi-bccs01
10.45.204.58,443,woi-bcmp02
10.45.218.198,443,wthr-buaas01-rm
10.45.218.60,443,wthr-sccmdp01
10.45.24.140,443,kpnx-camio-01
10.45.24.21,443,kpnx-bccs01
10.45.24.22,443,kpnx-oasis01
10.45.24.23,443,kpnx-bcmpt01
10.45.24.24,443,kpnx-bcmpt02
10.45.24.34,443,kpnx-enpsweb01
10.45.24.52,443,kpnx-emerald01
10.45.32.143,443,kthv-bces01
10.45.32.152,443,kthv-bcoasis01
10.45.32.175,443,kthv-camio01
10.45.32.183,443,kthv-bcmedia01
10.45.32.193,443,kthv-eme001
10.45.32.35,443,kthv-enpsmob
10.45.35.115,443,kthv-security01
10.45.40.115,443,kusa-bces01
10.45.40.117,443,kusa-bcoasis01
10.45.40.118,443,kusa-bcencode01
10.45.40.120,443,kusa-bcmedia01
10.45.40.121,443,kusa-bcplay02
10.45.40.125,443,kusa-store01
10.45.40.213,443,10.45.40.213
10.45.40.52,443,kusa-bcoasis
10.45.40.70,443,kusa-chycamvm01
10.45.48.21,443,wbir-bccs01
10.45.48.23,443,wbir-bcencode03
10.45.48.53,443,wbir-camio
10.45.56.41,443,kxtv-bces01
10.45.56.42,443,kxtv-bcoasis01
10.45.56.43,443,kxtv-bcmedia01
10.45.56.44,443,kxtv-bcmedia02
10.45.72.10,443,wfmy-camio-svr1
10.45.72.21,443,wfmy-mp01
10.45.72.22,443,wfmy-mp02
10.45.72.36,443,wfmy-enps-web1
10.45.72.42,443,wfmy-bccs01
10.45.72.52,443,wfmy-oas01
10.45.80.131,443,wgrz-bccs01
10.45.80.132,443,wgrz-bcoasis01
10.45.80.133,443,wgrz-bcmp01
10.45.80.134,443,wgrz-bcmp02
10.45.80.39,443,wgrz-enpsmob
10.45.80.60,443,wgrz-camio
10.45.96.35,443,wltx-enpsweb
10.45.96.41,443,wltx-bces01
10.45.96.51,443,wltx-bcoasis01
10.45.96.81,443,wltx-bcmedia01
10.45.96.91,443,wltx-bcmedia02
10.46.1.40,443,10.46.1.40
10.46.12.11,443,wqad-bccs01
10.46.12.12,443,wqad-oasis01
10.46.12.13,443,wqad-mp01
10.46.12.14,443,wqad-mp02
10.46.12.189,443,10.46.12.189
10.46.12.19,443,10.46.12.19
10.46.12.20,443,10.46.12.20
10.46.12.202,443,wqad-mediaproxy
10.46.12.242,443,10.46.12.242
10.46.12.244,443,10.46.12.244
10.46.2.198,443,wpmt-buaas01-rm
10.46.2.60,443,wpmt-mediaproxy
10.46.2.99,443,wpmt-lclsccm02
10.46.20.11,443,wtic-bccs01
10.46.20.12,443,wtic-oasis01
10.46.20.13,443,wtic-mp01
10.46.20.14,443,wtic-mp02
10.46.20.21,443,wtic-camio
10.46.20.35,443,wtic-ross-ods01
10.46.20.36,443,wtic-ross-ods02
10.46.27.72,443,wzdx-lclsccm01
10.46.4.11,443,wpmt-bccs01
10.46.4.12,443,wpmt-oasis01
10.46.4.13,443,wpmt-mp01
10.46.4.14,443,wpmt-mp02
10.46.4.21,443,wpmt-camio
10.46.4.35,443,wpmt-ross-ods01
10.46.4.36,443,wpmt-ross-ods02
10.6.147.92,443,kusa-lcladdc02-rm
10.6.19.91,443,kxtv-lcladdc01-rm
10.6.19.92,443,kxtv-lcladdc02-rm
10.6.76.24,443,wtlv-lclsccm01
10.6.76.91,443,wtlv-lcladdc01-rm
10.6.83.92,443,wkyc-lcladdc02-rm
10.6.86.91,443,kare-lcladdc01-rm
10.6.86.92,443,kare-lcladdc02-rm
10.6.87.228,443,kare-mediaproxy
10.6.89.89,443,10.6.89.89
10.6.89.90,443,kare-dominionkx3-wx
10.60.224.22,443,10.60.224.22
10.60.79.43,443,polycom64167fe53b57
10.60.79.58,443,10.60.79.58
10.61.119.23,443,10.61.119.23
10.61.231.45,443,10.61.231.45
10.61.247.27,443,10.61.247.27
10.61.249.13,443,wbir-e-phillips
10.61.254.62,443,10.61.254.62
10.61.81.121,443,10.61.81.121
10.61.81.122,443,10.61.81.122
10.61.81.123,443,10.61.81.123
10.62.119.201,443,10.62.119.201
10.62.127.20,443,kskn-x2s-sec
10.62.160.21,443,10.62.160.21
10.62.160.25,443,10.62.160.25
10.62.168.32,443,10.62.168.32
10.62.168.33,443,10.62.168.33
10.62.168.34,443,10.62.168.34
10.62.19.59,443,10.62.19.59
10.62.251.21,443,10.62.251.21
10.62.251.23,443,10.62.251.23
10.62.26.10,443,10.62.26.10
10.62.95.23,443,15044450
10.62.95.24,443,15044502
10.62.95.26,443,14559150
10.80.48.101,443,10.80.48.101
10.9.1.31,443,wusa-sccm02
10.9.5.21,443,10.9.5.21
10.9.5.22,443,10.9.5.22
10.9.5.23,443,10.9.5.23
10.9.5.25,443,10.9.5.25
10tv.com,443,10tv.com
11alive.com,443,11alive.com
12news.com,443,12news.com
12newsnow.com,443,12newsnow.com
13newsnow.com,443,13newsnow.com
13wmaz.com,443,13wmaz.com
167.8.100.208,443,167.8.100.208
167.8.100.210,443,167.8.100.210
167.8.101.200,443,167.8.101.200
167.8.101.208,443,167.8.101.208
167.8.111.135,443,167.8.111.135
167.8.114.59,443,167.8.114.59
167.8.31.200,443,167.8.31.200
167.8.35.40,443,167.8.35.40
167.8.49.31,443,167.8.49.31
172.17.0.147,443,172.17.0.147
172.17.0.33,443,raritan1
172.17.0.52,443,raritan2
172.22.0.107,443,awe-web02-dv
172.22.0.178,443,awe-web02-pd
172.22.0.56,443,awe-bsw02-pd
172.26.0.100,443,eit-prisccmdp02
172.26.0.119,443,eit-priexhyb01
172.26.0.120,443,eit-priexhyb02
172.26.0.140,443,iad-lrsprt01
172.26.0.142,443,tgna-lrs-gateway
172.26.0.150,443,eit-prirdsbr01
172.26.0.163,443,eit-priprt06-pd
172.26.0.178,443,iad-win-doc01
172.26.0.186,443,iad-sweb01
172.26.0.191,443,eit-priaddc01-rm
172.26.0.24,443,iad-arxscan01
172.26.0.30,443,eit-priadmgr01
172.26.0.32,443,eit-enpsreport01
172.26.0.57,443,eit-mocappki01
172.26.0.62,443,eit-priawacc01
172.26.0.67,443,eit-mocsmutil02
172.26.0.72,443,eit-priexap02
172.26.0.75,443,eit-prismutil01
172.26.0.80,443,eit-prismts02
172.26.0.90,443,eit-mocsccm01
172.26.0.92,443,eit-mocsccm03
172.26.0.93,443,eit-mocsccm04
172.26.0.94,443,iad-opsbr01
172.26.15.40,443,iad-ftp02
172.26.17.200,443,eit-prijwutil01
172.26.182.108,443,cmch-drxferweb1
172.26.182.30,443,cmch-drsmutil01
172.26.190.204,443,dcmia4bf0171eeeb
172.26.190.205,443,172.26.190.205
172.26.190.206,443,dcmia4bf016f063d
172.26.190.213,443,172.26.190.213
172.26.190.71,443,eit-drecndctr01-rm
172.26.190.72,443,eit-drecndctr02-rm
172.26.190.73,443,eit-drencdr01-rm
172.26.190.74,443,eit-drencdr02-rm
172.26.190.75,443,eit-drencdr03-rm
172.26.190.76,443,eit-drencdr04-rm
172.26.190.85,443,eit-drencdr05-rm
172.26.190.86,443,eit-drencdr06-rm
172.26.190.87,443,eit-drencdr07-rm
172.26.58.205,443,dcmia4bf016e9422
172.26.58.206,443,dcmia4bf017197b2
172.26.58.208,443,dcmia4bf016a0e9a
172.26.58.212,443,dcmia4bf016f089e
172.26.58.23,443,cmch-prisql01-rm
172.26.58.29,443,eit-priprtg04-rm
172.26.58.71,443,eit-priecndctr01-rm
172.26.58.73,443,eit-priencdr01-rm
172.26.58.74,443,eit-priencdr02-rm
172.26.58.75,443,eit-priencdr03-rm
172.26.58.76,443,eit-priencdr04-rm
172.26.58.85,443,eit-priencdr05-rm
172.26.58.86,443,eit-priencdr06-rm
172.26.58.87,443,eit-priencdr07-rm
172.26.58.88,443,eit-priencdr08-rm
172.26.60.5,443,eit-pridamgr01
172.26.60.8,443,eit-pridafs01
192.168.1.1,443,wusa-mediaproxy
192.168.1.2,443,krem-mediaproxy
5newsonline.com,443,5newsonline.com
9news.com,443,9news.com
abc10.com,443,abc10.com
adaudit.tgna.tegna.com,443,adaudit
admanager.tgna.tegna.com,443,admanager
anythingyousaypodcast.com,443,anythingyousaypodcast.com
apps.tegna.com,443,apps
awe-axonius01.tgna.tegna.com,443,awe-axonius01
awe-web02-dv.tgna.tegna.com,443,awe-web02-dv
awe-web02-pd.tgna.tegna.com,443,awe-web02-pd
aws-quic-poc.tgna.tegna.com,443,aws-quic-poc
bardstownpodcast.com,443,bardstownpodcast.com
BCIRV-OASIS.tgna.tegna.com,443,BCIRV-OASIS
bomberpodcast.com,443,bomberpodcast.com
bomgar.tegna.com,443,bomgar
captive-portal.tegna.com,443,captive-portal
captiveportal-login.tegna.com,443,captiveportal-login
captiveportal.tegna.com,443,captiveportal
cbs19.tv,443,cbs19.tv
cbs8.com,443,cbs8.com
cmch-ntxcl01.tgna.tegna.com,443,cmch-ntxcl01
consul.scenesense.tgna.tegna.com,443,consul.scenesense
consul.tgna.tegna.com,443,consul
dailyblastlive.com,443,dailyblastlive.com
dev-bomgar.tegna.com,443,dev-bomgar
dev.lockedonapps.com,443,dev.lockedonapps.com
dfw-clrpass01.tgna.tegna.com,443,dfw-clrpass01
dfw-clrpass02.tgna.tegna.com,443,dfw-clrpass02
dfw-cmchntxcl01.tgna.tegna.com,443,dfw-cmchntxcl01
dfw-lrsprt01.tgna.tegna.com,443,dfw-lrsprt01
dfw-mproxcon01.tgna.tegna.com,443,dfw-mproxcon01
dfw-netmri01.tgna.tegna.com,443,dfw-netmri01
dfw-ntxcl03.tgna.tegna.com,443,dfw-ntxcl03
dfw-ntxcl04.tgna.tegna.com,443,dfw-ntxcl04
dfw-prims03.tgna.tegna.com,443,dfw-prims03
dfw-prism03.tgna.tegna.com,443,dfw-prism03
dr-bomgar.tegna.com,443,dr-bomgar
dr-help.tegna.com,443,dr-help
drfiles.tegna.com,443,drfiles
drftp.tegna.com,443,drftp
dv-salesapps.tgna.tegna.com,443,dv-salesapps
dv-woa.tgna.tegna.com,443,dv-woa
EIT-BCOASIS01.tgna.tegna.com,443,EIT-BCOASIS01
eit-drexhyb01.tgna.tegna.com,443,eit-drexhyb01
eit-drexhyb02.tgna.tegna.com,443,eit-drexhyb02
eit-drise01-pd.tegna.com,443,eit-drise01-pd
eit-drise02-pd.tegna.com,443,eit-drise02-pd
eit-drntxcl01.tgna.tegna.com,443,eit-drntxcl01
eit-drsmpan01.tgna.tegna.com,443,eit-drsmpan01
eit-hqpan01.tgna.tegna.com,443,eit-hqpan01
eit-priadap01-pd.tgna.tegna.com,443,eit-priadap01-pd
eit-priadmgr01.tgna.tegna.com,443,eit-priadmgr01
eit-priexap01.tgna.tegna.com,443,eit-priexap01
eit-priexhyb01.tgna.tegna.com,443,eit-priexhyb01
eit-priexhyb02.tgna.tegna.com,443,eit-priexhyb02
eit-priipam01.tgna.tegna.com,443,eit-priipam01
eit-priise01-pd.tegna.com,443,eit-priise01-pd
eit-priise02-pd.tegna.com,443,eit-priise02-pd
eit-prijwutil01.tgna.tegna.com,443,eit-prijwutil01
eit-printxcl01.tgna.tegna.com,443,eit-printxcl01
eit-printxcl02.tgna.tegna.com,443,eit-printxcl02
eit-priprtg04.tgna.tegna.com,443,eit-priprtg04
eit-prirdsbr01.tgna.tegna.com,443,eit-prirdsbr01
eit-prismpan01.tgna.tegna.com,443,eit-prismpan01
expired.badssl.com,443,BadSSL-Expired
files.tegna.com,443,files
firstcoastnews.com,443,firstcoastnews.com
fox11az.com,443,fox11az.com
fox43.com,443,fox43.com
fox61.com,443,fox61.com
ftp.tegna.com,443,ftp
ftp2.tegna.com,443,ftp2
grafana.scenesense.tgna.tegna.com,443,grafana.scenesense
grafana.tgna.tegna.com,443,grafana
help.tegna.com,443,help
hqapps1,443,hqapps1
hqstaging.tgna.tegna.com,443,hqstaging
hqstaging2.tgna.tegna.com,443,hqstaging2
iad-clrpass01.tgna.tegna.com,443,iad-clrpass01
iad-clrpass02.tgna.tegna.com,443,iad-clrpass02
iad-cmchntxcl01.tgna.tegna.com,443,iad-cmchntxcl01
iad-lrsprt01.tgna.tegna.com,443,iad-lrsprt01
iad-ntxcl03.tgna.tegna.com,443,iad-ntxcl03
iad-ntxcl04.tgna.tegna.com,443,iad-ntxcl04
iad-prims03.tgna.tegna.com,443,iad-prims03
iad-prism03.tgna.tegna.com,443,iad-prism03
iad-sweb01.tgna.tegna.com,443,iad-sweb01
insnow.tgna.tegna.com,443,insnow
ipam.tgna.tegna.com,443,ipam
ise-posture.tegna.com,443,ise-posture
kagstv.com,443,kagstv.com
kare-bcencode01.tgna.tegna.com,443,kare-bcencode01
kare-bcencode02.tgna.tegna.com,443,kare-bcencode02
kare-bcencode03.tgna.tegna.com,443,kare-bcencode03
kare-bces01.tgna.tegna.com,443,kare-bces01
kare-bcoasis01-ra.tgna.tegna.com,443,kare-bcoasis01-ra
kare-bcoasis31.tgna.tegna.com,443,kare-bcoasis31
KARE-BCOASIS31.tgna.tegna.com,443,KARE-BCOASIS31
kare-bcplay02.tgna.tegna.com,443,kare-bcplay02
kare-mediaproxy.tgna.tegna.com,443,kare-mediaproxy
kare-ntxcl01.tgna.tegna.com,443,kare-ntxcl01
kare11.com,443,kare11.com
kbmt-bccs01.tgna.tegna.com,443,kbmt-bccs01
kbmt-enpsmobile.tgna.tegna.com,443,kbmt-enpsmobile
kbmt-mediaproxy.tgna.tegna.com,443,kbmt-mediaproxy
kcen-bccs01.tgna.tegna.com,443,kcen-bccs01
kcen-bcenc01.tgna.tegna.com,443,kcen-bcenc01
kcen-bcoasis01.tgna.tegna.com,443,kcen-bcoasis01
KCEN-BCOASIS01.tgna.tegna.com,443,KCEN-BCOASIS01
kcen-bcpta02.tgna.tegna.com,443,kcen-bcpta02
kcen-mediaproxy.tgna.tegna.com,443,kcen-mediaproxy
kcen-ntxcl01.tgna.tegna.com,443,kcen-ntxcl01
kcentv.com,443,kcentv.com
keepmylocaltv.com,443,keepmylocaltv.com
kens-bces01.tgna.tegna.com,443,kens-bces01
kens-bces02.tgna.tegna.com,443,kens-bces02
kens-bcmpoint01.tgna.tegna.com,443,kens-bcmpoint01
kens-bcmpoint02.tgna.tegna.com,443,kens-bcmpoint02
kens-bcoasis01.tgna.tegna.com,443,kens-bcoasis01
KENS-BCOASIS01.tgna.tegna.com,443,KENS-BCOASIS01
kens-enpsweb2.tgna.tegna.com,443,kens-enpsweb2
kens-mediaproxy.tgna.tegna.com,443,kens-mediaproxy
kens-ntxcl01.tgna.tegna.com,443,kens-ntxcl01
kens5.com,443,kens5.com
kfmb-bces21.tgna.tegna.com,443,kfmb-bces21
kfmb-bcmpoint21.tgna.tegna.com,443,kfmb-bcmpoint21
kfmb-bcmpoint22.tgna.tegna.com,443,kfmb-bcmpoint22
KFMB-BCOASIS01.tgna.tegna.com,443,KFMB-BCOASIS01
kfmb-bcoasis21.tgna.tegna.com,443,kfmb-bcoasis21
KFMB-BCOASIS21.tgna.tegna.com,443,KFMB-BCOASIS21
kfmb-mediaproxy.tgna.tegna.com,443,kfmb-mediaproxy
kfmb-ntxcl01.tgna.tegna.com,443,kfmb-ntxcl01
kfsm-bccs01.tgna.tegna.com,443,kfsm-bccs01
kfsm-mp01.tgna.tegna.com,443,kfsm-mp01
kfsm-mp02.tgna.tegna.com,443,kfsm-mp02
kfsm-ntxcl01.tgna.tegna.com,443,kfsm-ntxcl01
kfsm-oasis01.tgna.tegna.com,443,kfsm-oasis01
KFSM-OASIS01.tgna.tegna.com,443,KFSM-OASIS01
kgw-bces01.tgna.tegna.com,443,kgw-bces01
kgw-bcmedia01.tgna.tegna.com,443,kgw-bcmedia01
kgw-bcmedia02.tgna.tegna.com,443,kgw-bcmedia02
kgw-bcoasis01.tgna.tegna.com,443,kgw-bcoasis01
KGW-BCOASIS01.tgna.tegna.com,443,KGW-BCOASIS01
kgw-bcplay01.tgna.tegna.com,443,kgw-bcplay01
kgw-bcrvr01.tgna.tegna.com,443,kgw-bcrvr01
kgw-enps-mobile.tgna.tegna.com,443,kgw-enps-mobile
kgw-mediaproxy.tgna.tegna.com,443,kgw-mediaproxy
kgw-ntxcl01.tgna.tegna.com,443,kgw-ntxcl01
kgw.com,443,kgw.com
khou-bccs01.tgna.tegna.com,443,khou-bccs01
khou-bcmp21.tgna.tegna.com,443,khou-bcmp21
khou-bcmp22.tgna.tegna.com,443,khou-bcmp22
khou-bcmp23.tgna.tegna.com,443,khou-bcmp23
KHOU-BCOASIS01.tgna.tegna.com,443,KHOU-BCOASIS01
khou-bcoasis02.tgna.tegna.com,443,khou-bcoasis02
KHOU-BCOASIS02.tgna.tegna.com,443,KHOU-BCOASIS02
KHOU-BCOASIS21.tgna.tegna.com,443,KHOU-BCOASIS21
khou-mediaproxy.tgna.tegna.com,443,khou-mediaproxy
khou-ntxcl01.tgna.tegna.com,443,khou-ntxcl01
khou.com,443,khou.com
kidy-bces01.tgna.tegna.com,443,kidy-bces01
kidy-bcmpoint01.tgna.tegna.com,443,kidy-bcmpoint01
kidy-bcoasis01.tgna.tegna.com,443,kidy-bcoasis01
KIDY-BCOASIS01.tgna.tegna.com,443,KIDY-BCOASIS01
kidy-mediaproxy.tgna.tegna.com,443,kidy-mediaproxy
kidy-ntxcl01.tgna.tegna.com,443,kidy-ntxcl01
kiii-bccs01.tgna.tegna.com,443,kiii-bccs01
kiii-bcmedia01.tgna.tegna.com,443,kiii-bcmedia01
kiii-media01.tgna.tegna.com,443,kiii-media01
kiii-mediaproxy.tgna.tegna.com,443,kiii-mediaproxy
kiiitv.com,443,kiiitv.com
king-bccs01.tgna.tegna.com,443,king-bccs01
king-enps-web.tgna.tegna.com,443,king-enps-web
king-mediaproxy.tgna.tegna.com,443,king-mediaproxy
king-mp01.tgna.tegna.com,443,king-mp01
king-mp02.tgna.tegna.com,443,king-mp02
king-mp03.tgna.tegna.com,443,king-mp03
king-mp04.tgna.tegna.com,443,king-mp04
king-ntxcl01.tgna.tegna.com,443,king-ntxcl01
king-oasis01.tgna.tegna.com,443,king-oasis01
KING-OASIS01.tgna.tegna.com,443,KING-OASIS01
king5.com,443,king5.com
kpnx-bccs01.tgna.tegna.com,443,kpnx-bccs01
kpnx-bcmpt01.tgna.tegna.com,443,kpnx-bcmpt01
kpnx-bcmpt02.tgna.tegna.com,443,kpnx-bcmpt02
KPNX-BCOASIS01.tgna.tegna.com,443,KPNX-BCOASIS01
KPNX-BCOASIS21.tgna.tegna.com,443,KPNX-BCOASIS21
kpnx-ntxcl01.tgna.tegna.com,443,kpnx-ntxcl01
kpnx-oasis01.tgna.tegna.com,443,kpnx-oasis01
KPNX-OASIS01.tgna.tegna.com,443,KPNX-OASIS01
krem-bces02.tgna.tegna.com,443,krem-bces02
krem-bcmedia01.tgna.tegna.com,443,krem-bcmedia01
krem-bcmedia02.tgna.tegna.com,443,krem-bcmedia02
krem-bcoasis02.tgna.tegna.com,443,krem-bcoasis02
KREM-BCOASIS02.tgna.tegna.com,443,KREM-BCOASIS02
krem-mediaproxy.tgna.tegna.com,443,krem-mediaproxy
krem-ntxcl01.tgna.tegna.com,443,krem-ntxcl01
krem.com,443,krem.com
ksdk-bccs01.tgna.tegna.com,443,ksdk-bccs01
ksdk-bcmpoint01.tgna.tegna.com,443,ksdk-bcmpoint01
ksdk-bcmpoint02.tgna.tegna.com,443,ksdk-bcmpoint02
ksdk-bcoasis01-ra.tgna.tegna.com,443,ksdk-bcoasis01-ra
KSDK-BCOASIS21.tgna.tegna.com,443,KSDK-BCOASIS21
ksdk-mediaproxy.tgna.tegna.com,443,ksdk-mediaproxy
ksdk-ntxcl01.tgna.tegna.com,443,ksdk-ntxcl01
ksdk-oasis01.tgna.tegna.com,443,ksdk-oasis01
KSDK-OASIS01.tgna.tegna.com,443,KSDK-OASIS01
ksdk.com,443,ksdk.com
kthv-bces01.tgna.tegna.com,443,kthv-bces01
kthv-bcmedia01.tgna.tegna.com,443,kthv-bcmedia01
kthv-bcoasis01-ra.tgna.tegna.com,443,kthv-bcoasis01-ra
kthv-bcoasis01.tgna.tegna.com,443,kthv-bcoasis01
KTHV-BCOASIS01.TGNA.TEGNA.COM,443,KTHV-BCOASIS01
kthv-eme001.tgna.tegna.com,443,kthv-eme001
kthv-enpsmob.tgna.tegna.com,443,kthv-enpsmob
kthv-mediaproxy.tgna.tegna.com,443,kthv-mediaproxy
kthv-ntxcl01.tgna.tegna.com,443,kthv-ntxcl01
kthv-pta002.tgna.tegna.com,443,kthv-pta002
ktvb-bccs01.tgna.tegna.com,443,ktvb-bccs01
ktvb-enpsweb.tgna.tegna.com,443,ktvb-enpsweb
ktvb-mediaproxy.tgna.tegna.com,443,ktvb-mediaproxy
ktvb-mp01.tgna.tegna.com,443,ktvb-mp01
ktvb-mp02.tgna.tegna.com,443,ktvb-mp02
ktvb-ntxcl01.tgna.tegna.com,443,ktvb-ntxcl01
ktvb-oas01.tgna.tegna.com,443,ktvb-oas01
ktvb.com,443,ktvb.com
kusa-bcencode01.tgna.tegna.com,443,kusa-bcencode01
kusa-bces01.tgna.tegna.com,443,kusa-bces01
kusa-bcmedia01.tgna.tegna.com,443,kusa-bcmedia01
KUSA-BCOASIS.tgna.tegna.com,443,KUSA-BCOASIS
kusa-bcoasis01.tgna.tegna.com,443,kusa-bcoasis01
KUSA-BCOASIS01.tgna.tegna.com,443,KUSA-BCOASIS01
kusa-bcplay02.tgna.tegna.com,443,kusa-bcplay02
kusa-mediaproxy.tgna.tegna.com,443,kusa-mediaproxy
kusa-ntxcl01.tgna.tegna.com,443,kusa-ntxcl01
kusa-oasis01,443,kusa-oasis01
kvue-bccs01.tgna.tegna.com,443,kvue-bccs01
kvue-bccs02.tgna.tegna.com,443,kvue-bccs02
kvue-mp01.tgna.tegna.com,443,kvue-mp01
kvue-mp02.tgna.tegna.com,443,kvue-mp02
kvue-ntxcl01.tgna.tegna.com,443,kvue-ntxcl01
kvue-oas01.tgna.tegna.com,443,kvue-oas01
kvue.com,443,kvue.com
kwes-con001.tgna.tegna.com,443,kwes-con001
kwes-media001.tgna.tegna.com,443,kwes-media001
kwes-ntxcl01.tgna.tegna.com,443,kwes-ntxcl01
kwes-oas001.tgna.tegna.com,443,kwes-oas001
KWES-OASIS-ILO.TGNA.TEGNA.COM,443,KWES-OASIS-ILO
kwes-pta002.tgna.tegna.com,443,kwes-pta002
kxtv-bces01.tgna.tegna.com,443,kxtv-bces01
kxtv-bcmedia01.tgna.tegna.com,443,kxtv-bcmedia01
kxtv-bcmedia02.tgna.tegna.com,443,kxtv-bcmedia02
kxtv-bcoasis01.tgna.tegna.com,443,kxtv-bcoasis01
KXTV-BCOASIS01.tgna.tegna.com,443,KXTV-BCOASIS01
kxtv-mediaproxy.tgna.tegna.com,443,kxtv-mediaproxy
kxtv-newskvm01.tgna.tegna.com,443,kxtv-newskvm01
kxtv-ntxcl01.tgna.tegna.com,443,kxtv-ntxcl01
kytx-bcoasis01.tgna.tegna.com,443,kytx-bcoasis01
KYTX-BCOASIS01.tgna.tegna.com,443,KYTX-BCOASIS01
kytx-mp21.tgna.tegna.com,443,kytx-mp21
kytx-ntxcl01.tgna.tegna.com,443,kytx-ntxcl01
littlemanlost.com,443,littlemanlost.com
localmemphis.com,443,localmemphis.com
lockedonapps.com,443,lockedonapps.com
marshallfiremap.com,443,marshallfiremap.com
metabase.scenesense.tgna.tegna.com,443,metabase.scenesense
metabase.tgna.tegna.com,443,metabase
myatltv.com,443,myatltv.com
myfoxzone.com,443,myfoxzone.com
newscentermaine.com,443,newscentermaine.com
newswest9.com,443,newswest9.com
nomad.scenesense.tgna.tegna.com,443,nomad.scenesense
nomad.tgna.tegna.com,443,nomad
pan.tgna.tegna.com,443,pan
panorama.tgna.tegna.com,443,panorama
portal.tegna.com,443,portal
premion.com,443,premion.com
premioniq.com,443,premioniq.com
premionx-ray.com,443,premionx-ray.com
prism.tgna.tegna.com,443,prism
prtghub.tgna.tegna.com,443,prtghub
qapps1.tgna.tegna.com,443,qapps1
rocketcitynow.com,443,rocketcitynow.com
salesapps.tgna.tegna.com,443,salesapps
scenesense.tgna.tegna.com,443,scenesense
securelogin.tegna.com,443,securelogin
selenapodcast.com,443,selenapodcast.com
snot.tgna.tegna.com,443,snot
spotcheck.tegna.com,443,spotcheck
tegna-media.com,443,tegna-media.com
tegna-tv.com,443,tegna-tv.com
tegna-vdi-0122.tgna.tegna.com,443,tegna-vdi-0122
tegna.com,443,tegna.com
tegnaapps.tgna.tegna.com,443,tegnaapps
tegnadigital.com,443,tegnadigital.com
tegnahq.tgna.tegna.com,443,tegnahq
tegnahq1.tgna.tegna.com,443,tegnahq1
tegnahq2.tgna.tegna.com,443,tegnahq2
tegnaone.com,443,tegnaone.com
test-main-fw01.tgna.tegna.com,443,test-main-fw01
test.lockedonapps.com,443,test.lockedonapps.com
test.tegna.com,443,test
tgna-lrs-audit.tgna.tegna.com,443,tgna-lrs-audit
tgna-lrs-gateway.tgna.tegna.com,443,tgna-lrs-gateway
tgna-mfp-print.tgna.tegna.com,443,tgna-mfp-print
tgna-mfp-scan.tgna.tegna.com,443,tgna-mfp-scan
tgna.tegna.com,443,tgna
thedailycrime.com,443,thedailycrime.com
thv11.com,443,thv11.com
ti.tegna.com,443,ti
tickets.tgna.tegna.com,443,tickets
trafficapps.tgna.tegna.com,443,trafficapps
tv.test.tgna.tegna.com,443,tv.test
tvan.test.tgna.tegna.com,443,tvan.test
tvan.tgna.tegna.com,443,tvan
vaultstudios.com,443,vaultstudios.com
vdi.portal.tegna.com,443,vdi.portal
vdi.tgna.tegna.com,443,vdi
vdidev.portal.tegna.com,443,vdidev.portal
verifythis.com,443,verifythis.com
vpn.tegna.com,443,vpn
vpntest.vpn.tegna.com,443,vpntest.vpn
vpntst.vpn.tegna.com,443,vpntst.vpn
waqd-ntxcl01,443,waqd-ntxcl01
watn-bcencode01.tgna.tegna.com,443,watn-bcencode01
watn-bcencode02.tgna.tegna.com,443,watn-bcencode02
watn-bces01.tgna.tegna.com,443,watn-bces01
watn-bcoasis01.tgna.tegna.com,443,watn-bcoasis01
WATN-BCOASIS01.tgna.tegna.com,443,WATN-BCOASIS01
watn-bcplay02.tgna.tegna.com,443,watn-bcplay02
watn-ntxcl01.tgna.tegna.com,443,watn-ntxcl01
wbir-bccs01.tgna.tegna.com,443,wbir-bccs01
wbir-bcencode03.tgna.tegna.com,443,wbir-bcencode03
wbir-bcoasis02.tgna.tegna.com,443,wbir-bcoasis02
WBIR-BCOASIS02.tgna.tegna.com,443,WBIR-BCOASIS02
wbir-ntxcl01.tgna.tegna.com,443,wbir-ntxcl01
wbir.com,443,wbir.com
wbns-bccs01.tgna.tegna.com,443,wbns-bccs01
wbns-bcmpoint01.tgna.tegna.com,443,wbns-bcmpoint01
wbns-bcmpoint02.tgna.tegna.com,443,wbns-bcmpoint02
wbns-bcoasis01.tgna.tegna.com,443,wbns-bcoasis01
WBNS-BCOASIS01.tgna.tegna.com,443,WBNS-BCOASIS01
wbns-mediaproxy.tgna.tegna.com,443,wbns-mediaproxy
wbns-ntxcl01.tgna.tegna.com,443,wbns-ntxcl01
wcnc-bccs01.tgna.tegna.com,443,wcnc-bccs01
wcnc-bcmp01.tgna.tegna.com,443,wcnc-bcmp01
wcnc-bcmp02.tgna.tegna.com,443,wcnc-bcmp02
wcnc-enpsweb.tgna.tegna.com,443,wcnc-enpsweb
wcnc-mediaproxy.tgna.tegna.com,443,wcnc-mediaproxy
wcnc-ntxcl01.tgna.tegna.com,443,wcnc-ntxcl01
wcnc-oas01.tgna.tegna.com,443,wcnc-oas01
wcnc.com,443,wcnc.com
wcsh-bces01.tgna.tegna.com,443,wcsh-bces01
wcsh-bcmedia01.tgna.tegna.com,443,wcsh-bcmedia01
wcsh-bcmedia02.tgna.tegna.com,443,wcsh-bcmedia02
wcsh-bcoasis01.tgna.tegna.com,443,wcsh-bcoasis01
WCSH-BCOASIS01.tgna.tegna.com,443,WCSH-BCOASIS01
wcsh-enpsm01.tgna.tegna.com,443,wcsh-enpsm01
wcsh-mediaproxy.tgna.tegna.com,443,wcsh-mediaproxy
wcsh-ntxcl01.tgna.tegna.com,443,wcsh-ntxcl01
wcsh6.com,443,wcsh6.com
weareiowa.com,443,weareiowa.com
web1.tgna.tegna.com,443,web1
wentz.tgna.tegna.com,443,wentz
wfaa-bccs01.tgna.tegna.com,443,wfaa-bccs01
wfaa-enps-web.tgna.tegna.com,443,wfaa-enps-web
wfaa-mediaproxy.tgna.tegna.com,443,wfaa-mediaproxy
wfaa-mp01.tgna.tegna.com,443,wfaa-mp01
wfaa-mp02.tgna.tegna.com,443,wfaa-mp02
wfaa-mp03.tgna.tegna.com,443,wfaa-mp03
wfaa-ntxcl01.tgna.tegna.com,443,wfaa-ntxcl01
wfaa-oasis01,443,WFAA-OASIS01
wfaa-oasis01.tgna.tegna.com,443,wfaa-oasis01
WFAA-OASIS01.tgna.tegna.com,443,WFAA-OASIS01
wfaa.com,443,wfaa.com
wfmy-bccs01.tgna.tegna.com,443,wfmy-bccs01
wfmy-enps-web1.tgna.tegna.com,443,wfmy-enps-web1
wfmy-mp01.tgna.tegna.com,443,wfmy-mp01
wfmy-mp02.tgna.tegna.com,443,wfmy-mp02
wfmy-ntxcl01.tgna.tegna.com,443,wfmy-ntxcl01
wfmy-oas01.tgna.tegna.com,443,wfmy-oas01
wfmynews2.com,443,wfmynews2.com
wgrz-bccs01.tgna.tegna.com,443,wgrz-bccs01
wgrz-bcmp01.tgna.tegna.com,443,wgrz-bcmp01
wgrz-bcmp02.tgna.tegna.com,443,wgrz-bcmp02
wgrz-bcoasis01.tgna.tegna.com,443,wgrz-bcoasis01
WGRZ-BCOASIS01.tgna.tegna.com,443,WGRZ-BCOASIS01
wgrz-enpsmob.tgna.tegna.com,443,wgrz-enpsmob
wgrz-mediaproxy.tgna.tegna.com,443,wgrz-mediaproxy
wgrz-ntxcl01.tgna.tegna.com,443,wgrz-ntxcl01
wgrz.com,443,wgrz.com
whas-bccont01.tgna.tegna.com,443,whas-bccont01
whas-enps04.tgna.tegna.com,443,whas-enps04
whas-enps4.tgna.tegna.com,443,whas-enps4
whas-media1.tgna.tegna.com,443,whas-media1
whas-media2.tgna.tegna.com,443,whas-media2
whas-ntxcl01.tgna.tegna.com,443,whas-ntxcl01
whas-oas001.tgna.tegna.com,443,whas-oas001
whas11.com,443,whas11.com
whtr-create01.tgna.tegna.com,443,whtr-create01
wkyc-bces01.tgna.tegna.com,443,wkyc-bces01
wkyc-bcmedia01.tgna.tegna.com,443,wkyc-bcmedia01
wkyc-bcmedia02.tgna.tegna.com,443,wkyc-bcmedia02
wkyc-bcoasis01.tgna.tegna.com,443,wkyc-bcoasis01
WKYC-BCOASIS01.tgna.tegna.com,443,WKYC-BCOASIS01
WKYC-BCOASIS21.tgna.tegna.com,443,WKYC-BCOASIS21
wkyc-mediaproxy.tgna.tegna.com,443,wkyc-mediaproxy
wkyc-ntxcl01.tgna.tegna.com,443,wkyc-ntxcl01
wkyc.com,443,wkyc.com
wlbz-bces01.tgna.tegna.com,443,wlbz-bces01
wlbz-bcmedia01.tgna.tegna.com,443,wlbz-bcmedia01
wlbz-ntxcl01.tgna.tegna.com,443,wlbz-ntxcl01
wltx-bces01.tgna.tegna.com,443,wltx-bces01
wltx-bcmedia01.tgna.tegna.com,443,wltx-bcmedia01
wltx-bcmedia02.tgna.tegna.com,443,wltx-bcmedia02
wltx-bcoasis01.tgna.tegna.com,443,wltx-bcoasis01
WLTX-BCOASIS01.tgna.tegna.com,443,WLTX-BCOASIS01
wltx-mediaproxy.tgna.tegna.com,443,wltx-mediaproxy
wltx-ntxcl01.tgna.tegna.com,443,wltx-ntxcl01
wltx.com,443,wltx.com
wmaz-bcencode01.tgna.tegna.com,443,wmaz-bcencode01
wmaz-bcencode02.tgna.tegna.com,443,wmaz-bcencode02
wmaz-bces01.tgna.tegna.com,443,wmaz-bces01
wmaz-bcoasis01.tgna.tegna.com,443,wmaz-bcoasis01
WMAZ-BCOASIS01.tgna.tegna.com,443,WMAZ-BCOASIS01
wmaz-bcplay01.tgna.tegna.com,443,wmaz-bcplay01
wmaz-bcplay02.tgna.tegna.com,443,wmaz-bcplay02
wmaz-enpsmobile.tgna.tegna.com,443,wmaz-enpsmobile
wmaz-mediaproxy.tgna.tegna.com,443,wmaz-mediaproxy
wmaz-ntxcl01.tgna.tegna.com,443,wmaz-ntxcl01
wnep-bccs01.tgna.tegna.com,443,wnep-bccs01
wnep-mediaproxy.tgna.tegna.com,443,wnep-mediaproxy
wnep-mp01.tgna.tegna.com,443,wnep-mp01
wnep-mp02.tgna.tegna.com,443,wnep-mp02
wnep-ntxcl01.tgna.tegna.com,443,wnep-ntxcl01
wnep-oasis01.tgna.tegna.com,443,wnep-oasis01
WNEP-OASIS01.tgna.tegna.com,443,WNEP-OASIS01
wnep.com,443,wnep.com
wo-brkapp01.tgna.tegna.com,443,wo-brkapp01
wo-brkapp02.tgna.tegna.com,443,wo-brkapp02
woad-tb21.tgna.tegna.com,443,woad-tb21
woanalytics.tgna.tegna.com,443,woanalytics
woap-tb01.tgna.tegna.com,443,woap-tb01
woi-bccs01.tgna.tegna.com,443,woi-bccs01
woi-bccs02.tgna.tegna.com,443,woi-bccs02
woi-bcmp01.tgna.tegna.com,443,woi-bcmp01
woi-bcmp02.tgna.tegna.com,443,woi-bcmp02
woi-ntxcl01.tgna.tegna.com,443,woi-ntxcl01
woi-oas01.tgna.tegna.com,443,woi-oas01
womd-brkapp01.tgna.tegna.com,443,womd-brkapp01
womd-brkapp02.tgna.tegna.com,443,womd-brkapp02
wpmt-bccs01.tgna.tegna.com,443,wpmt-bccs01
wpmt-mp01.tgna.tegna.com,443,wpmt-mp01
wpmt-mp02.tgna.tegna.com,443,wpmt-mp02
wpmt-ntxcl01.tgna.tegna.com,443,wpmt-ntxcl01
wpmt-oasis01.tgna.tegna.com,443,wpmt-oasis01
WPMT-OASIS01.tgna.tegna.com,443,WPMT-OASIS01
wqad-bccs01.tgna.tegna.com,443,wqad-bccs01
wqad-mediaproxy.tgna.tegna.com,443,wqad-mediaproxy
wqad-mp01.tgna.tegna.com,443,wqad-mp01
wqad-mp02.tgna.tegna.com,443,wqad-mp02
wqad-ntxcl01.tgna.tegna.com,443,wqad-ntxcl01
wqad-oasis01.tgna.tegna.com,443,wqad-oasis01
WQAD-OASIS01.tgna.tegna.com,443,WQAD-OASIS01
wqad.com,443,wqad.com
wthr-bccs01.tgna.tegna.com,443,wthr-bccs01
wthr-bcmpoint01.tgna.tegna.com,443,wthr-bcmpoint01
wthr-bcmpoint02.tgna.tegna.com,443,wthr-bcmpoint02
wthr-create01.tgna.tegna.com,443,wthr-create01
wthr-enps-mbl.tgna.tegna.com,443,wthr-enps-mbl
wthr-mediaproxy.tgna.tegna.com,443,wthr-mediaproxy
wthr-ntxcl01.tgna.tegna.com,443,wthr-ntxcl01
wthr-oasis01.tgna.tegna.com,443,wthr-oasis01
WTHR-OASIS01.tgna.tegna.com,443,WTHR-OASIS01
wthr.com,443,wthr.com
wtic-bccs01.tgna.tegna.com,443,wtic-bccs01
wtic-mediaproxy.tgna.tegna.com,443,wtic-mediaproxy
wtic-mp01.tgna.tegna.com,443,wtic-mp01
wtic-mp02.tgna.tegna.com,443,wtic-mp02
wtic-ntxcl01.tgna.tegna.com,443,wtic-ntxcl01
wtic-oasis01.tgna.tegna.com,443,wtic-oasis01
WTIC-OASIS01.tgna.tegna.com,443,WTIC-OASIS01
wtlv-bcencode01.tgna.tegna.com,443,wtlv-bcencode01
wtlv-bcencode02.tgna.tegna.com,443,wtlv-bcencode02
wtlv-bces01.tgna.tegna.com,443,wtlv-bces01
wtlv-bcoasis01.tgna.tegna.com,443,wtlv-bcoasis01
WTLV-BCOASIS01.tgna.tegna.com,443,WTLV-BCOASIS01
wtlv-enpsmobile.tgna.tegna.com,443,wtlv-enpsmobile
wtlv-ntxcl01.tgna.tegna.com,443,wtlv-ntxcl01
wtol-bccs01.tgna.tegna.com,443,wtol-bccs01
wtol-bcmpoint01.tgna.tegna.com,443,wtol-bcmpoint01
wtol-bcmpoint02.tgna.tegna.com,443,wtol-bcmpoint02
wtol-mediaproxy.tgna.tegna.com,443,wtol-mediaproxy
wtol-ntxcl01.tgna.tegna.com,443,wtol-ntxcl01
wtol-oasis01.tgna.tegna.com,443,wtol-oasis01
WTOL-OASIS01.tgna.tegna.com,443,WTOL-OASIS01
wtol.com,443,wtol.com
wtsp-bcencode01.tgna.tegna.com,443,wtsp-bcencode01
wtsp-bcencode02.tgna.tegna.com,443,wtsp-bcencode02
wtsp-bces01.tgna.tegna.com,443,wtsp-bces01
wtsp-bcoasis01.tgna.tegna.com,443,wtsp-bcoasis01
WTSP-BCOASIS01.tgna.tegna.com,443,WTSP-BCOASIS01
wtsp-bcplay02.tgna.tegna.com,443,wtsp-bcplay02
wtsp-enps01.tgna.tegna.com,443,wtsp-enps01
wtsp-enps02.tgna.tegna.com,443,wtsp-enps02
wtsp-enpsweb.tgna.tegna.com,443,wtsp-enpsweb
wtsp-mediaproxy.tgna.tegna.com,443,wtsp-mediaproxy
wtsp-ntxcl01.tgna.tegna.com,443,wtsp-ntxcl01
wtsp.com,443,wtsp.com
wusa-bccont01.tgna.tegna.com,443,wusa-bccont01
wusa-enpsweb01.tgna.tegna.com,443,wusa-enpsweb01
wusa-media1.tgna.tegna.com,443,wusa-media1
wusa-media2.tgna.tegna.com,443,wusa-media2
wusa-mediaproxy.tgna.tegna.com,443,wusa-mediaproxy
wusa-ntxcl01.tgna.tegna.com,443,wusa-ntxcl01
wusa-oas001.tgna.tegna.com,443,wusa-oas001
wusa-oasis01,443,wusa-oasis01
wusa9.com,443,wusa9.com
wvec-bces01.tgna.tegna.com,443,wvec-bces01
wvec-bces02.tgna.tegna.com,443,wvec-bces02
wvec-bcmedia01.tgna.tegna.com,443,wvec-bcmedia01
wvec-bcmedia02.tgna.tegna.com,443,wvec-bcmedia02
wvec-bcoasis01.tgna.tegna.com,443,wvec-bcoasis01
WVEC-BCOASIS01.tgna.tegna.com,443,WVEC-BCOASIS01
wvec-mediaprxy2.tgna.tegna.com,443,wvec-mediaprxy2
wvec-ntxcl01.tgna.tegna.com,443,wvec-ntxcl01
wwl-bccon001.tgna.tegna.com,443,wwl-bccon001
wwl-bcenc001.tgna.tegna.com,443,wwl-bcenc001
wwl-bcenc002.tgna.tegna.com,443,wwl-bcenc002
wwl-bcoasis01.tgna.tegna.com,443,wwl-bcoasis01
WWL-BCOASIS01.tgna.tegna.com,443,WWL-BCOASIS01
wwl-bcpta001.tgna.tegna.com,443,wwl-bcpta001
wwl-bcpta002.tgna.tegna.com,443,wwl-bcpta002
wwl-enpsmob.tgna.tegna.com,443,wwl-enpsmob
wwl-mediaproxy.tgna.tegna.com,443,wwl-mediaproxy
wwl-ntxcl01.tgna.tegna.com,443,wwl-ntxcl01
wwltv.com,443,wwltv.com
www.bomgar.tegna.com,443,www.bomgar
www.dev.lockedonapps.com,443,www.dev.lockedonapps.com
www.dr-bomgar.tegna.com,443,www.dr-bomgar
www.github.com,443,GitHub
www.google.com,443,Google
www.lockedonapps.com,443,www.lockedonapps.com
www.prism.tgna.tegna.com,443,www.prism
www.tegna.com,443,www
www.test.lockedonapps.com,443,www.test.lockedonapps.com
wxia-bcencode1.tgna.tegna.com,443,wxia-bcencode1
wxia-bcencode2.tgna.tegna.com,443,wxia-bcencode2
wxia-bces01.tgna.tegna.com,443,wxia-bces01
wxia-bcoasis01.tgna.tegna.com,443,wxia-bcoasis01
WXIA-BCOASIS01.tgna.tegna.com,443,WXIA-BCOASIS01
WXIA-BCOASIS21.tgna.tegna.com,443,WXIA-BCOASIS21
wxia-mediaproxy.tgna.tegna.com,443,wxia-mediaproxy
wxia-ntxcl01.tgna.tegna.com,443,wxia-ntxcl01
wxia-ntxcn01.tgna.tegna.com,443,wxia-ntxcn01
wzdx-bces01.tgna.tegna.com,443,wzdx-bces01
wzdx-bcmedia01.tgna.tegna.com,443,wzdx-bcmedia01
wzdx-bcoasis01.tgna.tegna.com,443,wzdx-bcoasis01
WZDX-BCOASIS01.tgna.tegna.com,443,WZDX-BCOASIS01
wzdx-bcplay02.tgna.tegna.com,443,wzdx-bcplay02
wzdx-mediaproxy.tgna.tegna.com,443,wzdx-mediaproxy
wzdx-ntxcl01.tgna.tegna.com,443,wzdx-ntxcl01
wzzm-bccs01.tgna.tegna.com,443,wzzm-bccs01
wzzm-bcme01.tgna.tegna.com,443,wzzm-bcme01
wzzm-bcme02.tgna.tegna.com,443,wzzm-bcme02
wzzm-bcoasis01.tgna.tegna.com,443,wzzm-bcoasis01
WZZM-BCOASIS01.tgna.tegna.com,443,WZZM-BCOASIS01
wzzm-mediaproxy.tgna.tegna.com,443,wzzm-mediaproxy
wzzm-ntxcl01.tgna.tegna.com,443,wzzm-ntxcl01
wzzm-ws02.tgna.tegna.com,443,wzzm-ws02
wzzm13.com,443,wzzm13.com
